sr no	name	java 	php	c	total	avg	grade
1	abc	89	95	78	262	87.33333333	A
2	def	58	65	69	192	64	C
3	ghi	57	56	86	199	66.33333333	B
4	jkl	48	74	88	210	70	B
